{"cameraMode":{"drawMode":0,"name":"Shaded","section":"Shading Mode"},"sceneLighting":false,"audioPlay":false,"sceneViewState":{"m_AlwaysRefresh":false,"showFog":true,"showSkybox":false,"showFlares":true,"showImageEffects":true,"showParticleSystems":true,"showVisualEffectGraphs":true,"m_FxEnabled":true},"in2DMode":false,"pivot":{"x":0.5042262673377991,"y":1.9059849977493287,"z":-0.26959505677223208},"rotation":{"x":-0.13745366036891938,"y":0.4573937654495239,"z":-0.06668423116207123,"w":-0.8760885000228882},"size":2.1906368732452394,"orthographic":false}