{"cameraMode":{"drawMode":0,"name":"Shaded","section":"Shading Mode"},"sceneLighting":true,"audioPlay":false,"sceneViewState":{"m_AlwaysRefresh":false,"showFog":true,"showSkybox":true,"showFlares":true,"showImageEffects":true,"showParticleSystems":true,"showVisualEffectGraphs":true,"m_FxEnabled":true},"in2DMode":false,"pivot":{"x":57.78137969970703,"y":4.3425092697143559,"z":12.054878234863282},"rotation":{"x":0.07630612701177597,"y":-0.9048622846603394,"z":0.1688353270292282,"w":0.38325440883636477},"size":4.961248874664307,"orthographic":false}