{"cameraMode":{"drawMode":0,"name":"Shaded","section":"Shading Mode"},"sceneLighting":true,"audioPlay":false,"sceneViewState":{"m_AlwaysRefresh":false,"showFog":true,"showSkybox":true,"showFlares":true,"showImageEffects":true,"showParticleSystems":true,"showVisualEffectGraphs":true,"m_FxEnabled":true},"in2DMode":false,"pivot":{"x":48.386722564697269,"y":19.952964782714845,"z":-10.18518352508545},"rotation":{"x":-0.040640201419591907,"y":0.9440371990203857,"z":-0.10984979569911957,"w":-0.3084280788898468},"size":15.239750862121582,"orthographic":false}