{"cameraMode":{"drawMode":0,"name":"Shaded","section":"Shading Mode"},"sceneLighting":false,"audioPlay":false,"sceneViewState":{"m_AlwaysRefresh":false,"showFog":true,"showSkybox":false,"showFlares":true,"showImageEffects":true,"showParticleSystems":true,"showVisualEffectGraphs":true,"m_FxEnabled":true},"in2DMode":false,"pivot":{"x":-0.01490640640258789,"y":0.9903680086135864,"z":0.08999998867511749},"rotation":{"x":0.4678861200809479,"y":-0.3020532429218292,"z":0.16845445334911347,"w":0.8125541806221008},"size":1.6031367778778077,"orthographic":false}